μ©λλ°•μ¤,4
ν”λΌμ›λ°•μ¤,4
yangyang,4
μ„μ΄μ¶”,4
μ™μ†λ·°,4
μ™Έλ„λ„μ„λ¦¬,4
μΈν…λ¦¬μ–΄,4
κ΄‘μ•λ¦¬λ§›μ§‘,4
dog,4
μΌλ°μΈλ¨λΈ,4
μν¥λ„,4
κ²½μ£Όν•«ν”,4
μ¥λ§,4
μ΅μ•„λ™μ§€,4
λΉ„ν‚¤λ‹,4
λ¨λ…Έν‚¤λ‹,4
π’,4
μ‚°,4
μ μ£ΌμΉ΄ν,4
ν›ν›ν•ν•μ μƒ·,4
a7m3,4
beauty,4
μ–‘ν‰,4
νμ£ΌμΉ΄ν,4
λΈλ°μΉμΉ΄ν,4
ν­μ—Ό,4
γ…‹γ…‹γ…‹,4
λ¬΄λ£,4
μ¶μ²λ§›μ§‘,4
portrait,4
λ§¤μΌλ§¤μΌ,4
ν™μ,4
λ€ν•λ―Όκµ­,4
λ™μ„±λ΅,4
ι“ε›½ζ—…θ΅,4
me,4
foodporn,4
μ μ£Όλ„νμ…,4
κ°•μ•„μ§€,4
fashionstyle,4
μΈμ‹Έ,4
μ λ½,4
lifestyle,4
μ‹λ°€λ¬λ£©,4
ν•κ°•,4
λ€κµ¬μ—¬ν–‰,4
νμ…μ¶”μ²,4
μ„±κ³µ,4
μ μ£Όλ„μ™μ†,4
ν›λ…€,4
μ²,4
κ±°μ νμ…,4
μ¤ννμ…,4
pomeranian,4
κ°•λ¦‰λ°”λ‹¤,4
μ•„κΈ°μ™€μ—¬ν–‰,4
μ¤λ…ΈμΏ¨λ§,4
iphone,4
μ—¬μλ§›μ§‘,4
μ—¬λ¦„μ½”λ””,4
μμ „κ±°,4
μ λ¶€λ„,4
goals,4
μ»¤ν”λ£©,4
μ¶•κµ¬,4
mood,4
λΉ„ν–‰κΈ°,4
ν•΄ν”Όμ΄μ›λ©μ¥,4
κ°•μ›λ„νμ…,4
λ„λ¬΄,4
x100v,4
μ›ν”Όμ¤,4
μ¤λƒ…μƒ·,4
κ²½μΉ,4
λ‹Ήμ§„,4
ν™”μ„±,4
diet,4
μΊ ν•‘μ—¬ν–‰,4
koreanfood,4
μ μ£Όν•«ν”,4
μ²­ν‰,4
λ°±λ‹΄κ³„κ³΅,4
μ†”μΊ ,4
ν΄κ°€μ¶”μ²,4
cat,4
κ²μ¤νΈν•μ°μ¤,4
κΈ°μ¥,4
μ„ν•΄λ°”λ‹¤,4
couple,4
μ§„μ£Ό,4
μΊ νΌ,4
ν¨μ…”λ‹μ¤νƒ€,4
μ΅λ‘λ§‰,4
λ½μ‚°ν¬,4
colors,4
outfit,4
λ‚μ‹,4
ε®‡ε®™ε¥½γ,4
ζ—…ε¥³,4
ζ—…γ—γγγγ‚‹γƒ•γ‚©γƒ,4
δΈ–η•γ®ηµ¶ζ™―,4
ζ—…γ®θ¨ι²,4
ζ—…ε†™η,4
ε†™ηγ§δΌγγγ„η§γ®δΈ–η•,4
δΈ–η•ζ—…θ΅,4
ζ—…,4
μΌμ¶,4
μ•„λ¦„λ‹¤μ›€,4
λ‹μ½,4
λ„λ¬΄μΆ‹μ•„,4
μ£Όλ§μ΅μ•„,4
μ·¨λ―Έμƒν™,4
μ΄λ”©λ§,4
μ§„μ‹λ‹,4
ν•λ‚¨λ™,4
λ¶€μ‚°ν•«ν”,4
μ κ³±,4
λ¨μ,4
νƒκµ­,4
ν¨λ¬κΈ€λΌμ΄λ”©,4
daliy,4
bonpoint,4
colman,4
ι“ε›½γƒ•γ‚΅γƒƒγ‚·γƒ§γƒ³,4
μ ν•™μƒ,4
bmw,4
λ°€μ–‘,4
μ• κ²¬λ™λ°μ—¬ν–‰,4
λ°λ ¤κ²¬λ™λ°μ—¬ν–‰,4
λ¬Όν,4
μ•„μ΄μ¤μ•„λ©”λ¦¬μΉ΄λ…Έ,4
λ·°ν‹°,4
λ…Έμ„λ§›μ§‘,4
λ¨λλ†€μ΄,4
λ‚¨λ§¤λ§,4
μΉ΄λΌλ°,4
μ μ£Όλ°”λ‹¤,4
κ΄€κ΄‘,4
κ°μ„±μΊ ν•‘,4
throwback,4
ν”„λΌν•,4
κΈ€κ·€,4
λ§μ¤ν¬,4
ν™”μ¥ν’,4
μ €λ…,4
μ €κµ¬ν•­,4
κ²½μƒλ„μ—¬ν–‰,4
shopping,4
weekend,4
λ€μ²,4
νλ„,4
employee,4
withwife,4
cats,4
μΌμ”μΌ,4
μ½”λ””,4
stayhome,4
μΉ΄λΌλ°μΊ ν•‘,4
μλ©μ›,3
κ°•ν™”λ„μ—¬ν–‰,3
λ°±μ΄κ³„κ³΅,3
μ—¬μμΉκµ¬,3
μ„ λ¬Ό,3
λΈ”λ΅κ±°,3
μ‚¬λ‘ν•΄π’•,3
κ°λ¦¬λ‹¨κΈΈ,3
λ°±μ™,3
μ—¬λ¦„κ½ƒ,3
μλ„λ…μ†,3
μλ„κ°€λ³Όλ§ν•κ³³,3
λ¶€μ‚°μ—¬ν–‰μ§€,3
νƒμΆ…μ‚¬,3
νƒμΆ…λ€νƒμΆ…μ‚¬,3
νƒμΆ…μ‚¬μκµ­,3
μλ„νƒμΆ…λ€,3
μ‚¬λ,3
sensitive,3
yeongdo,3
μƒ‰κ°λ―Έμ κ΄€,3
huji,3
μ‚¬μ΄νμ—¬ν–‰,3
μ μ‹¬λ©”λ‰΄,3
familytrip,3
μΈλ¦‰λ„μ—¬ν–‰,3
λ…λ„,3
κ³¨ν”„,3
μ†μ΄λ°”λ‹¤,3
μ–‘μ–‘λ§›μ§‘,3
μ„ν”ΌλΉ„μΉ,3
κΈ€,3
κ°λ™,3
κ°€μ΅±λ‚λ“¤μ΄,3
ν•΄μ΄λ€λ§›μ§‘,3
shubie,3
shura,3
shetlandsheepdog,3
sheltie,3
ν•μ΄λ°”λ‹¤,3
μ΄λ³΄μΊ νΌ,3
λ€κ²,3
nailart,3
κ²½ν¬ν•΄λ³€,3
λ¬΄μ£Όλ¦¬μ΅°νΈ,3
λ‹¤μ΄μ–΄λ¦¬,3
λ°”λ””μ²΄ν¬,3
λ°”λ””ν”„λ΅ν•„,3
μμλ³µλ§›μ§‘,3
λ¨λ…Έν‚¤λ‹λ€ν†µλ Ή,3
λΉ„ν‚¤λ‹λ€ν†µλ Ή,3
μμλ³µλ€ν†µλ Ή,3
μ©λ¨Έλ¦¬ν•΄μ•,3
ν‰μ°½,3
μμ§„λ―Όκ·_ν¬ν•­,3
λ¶€μ‚°μ—¬ν–‰μ¤‘,3
μ •λ€κ°,3
μ¬κΈ°λ΅μ΄μΊλ…Όμƒν™,3
κ°€λ΅μκΈΈ,3
μ΄νƒμ›,3
ν—¬λ¦°μ΄,3
μ•„λ“¤λ‘λ§,3
beautifuldestinations,3
λ‚ μ”¨κ°€λ‹¤ν–λ‹¤,3
ν¬ν•­λ§›μ§‘,3
λ€ν¥λ™,3
girl,3
λ°”λ‹·κ°€ν¨μ…,3
μ–Όμ§±,3
μ¶μ²μΉ΄ν,3
νμ…μ—¬ν–‰,3
la,3
losangeles,3
μ™„μ£Ό,3
μ „λ¶μ—¬ν–‰,3
spain,3
κ³µμ›,3
λ””μ— ,3
sonya7ii,3
μ•λ™μ—¬ν–‰,3
μ μ£Όνμ…,3
hawaii,3
μ–‘μ–‘μΉ΄ν,3
street,3
μμƒλ μ €,3
λ°©ν•™,3
νλ¦¬μ—¬ν–‰,3
thailand,3
quarantine,3
λ°”λ‹·κ°€,3
μ„μ°λ΄‰,3
λ‚¨ν•΄νμ…,3
λ…μΌλ§μ„,3
κ°•λ¦‰λ§›μ§‘,3
μΉκµ¬λ“¤,3
μ μ£Όμ‚΄μ΄,3
μ μ£Όκ°€μ΅±μ—¬ν–‰,3
ν‘μ°¬,3
κ±°μ λ„νμ…,3
μ¤ν,3
κµ¬μ²λ™,3
κΉ€ν•΄,3
μ¤νƒ€λ²…μ¤,3
starbucks,3
μ λ„,3
judo,3
λΈμ§±,3
μ΄λ™ν•λ”μ§μ¥μΈ,3
κ°μ„±μ™μ†,3
ν¬ν† μ΅΄,3
λ•μ μ‚°κµ­λ¦½κ³µμ›,3
λ―Έλ¬λ¦¬μ¤,3
matchingoutfits,3
motheranddaughter,3
μ—¬μλ°¤λ°”λ‹¤,3
λ§›μ¤νƒ€,3
μ΅΄λ§›,3
λ‚ μ”¨μΆ‹λ‹¤,3
μ•„μ£Όλ―Έ,3
λΌμ΄λ”©,3
μλ•,3
μλ¦°μ΄,3
μμ „κ±°μ—¬ν–‰,3
μ¶”μ–µμ†ν™,3
μ•λ…•,3
μ μ£Όλ„λ°”λ‹¤,3
illustration,3
λ‹¨μ–‘μ—¬ν–‰,3
happy,3
ν•μ°λ¬Όν,3
κ°€ν‰λ¦¬μ΅°νΈ,3
μ²«μ§Έλ”Έ,3
κ°•μ›λ„λ§›μ§‘,3
κ°•μ›λ„μ‚Όμ²™,3
κ³µκΈ°μΆ‹κ³ ,3
ν›„μ§€ν•„λ¦„,3
ν›„μ§€,3
μ΄κ°„μ •,3
λΉ„λΉ”κµ­μ,3
πΏ,3
λ°μ΄νΈμ¤λƒ…,3
κµ°μ‚°,3
tokyocameraclub,3
λ‹¤λ ‰,3
λΈ”λ™μΉ΄μ°κ²μ¤νΈν•μ°μ¤,3
κ³µμ ,3
λ€λ¶€λ„μ—¬ν–‰,3
ζ—¥ζ¬,3
ζ—…θ΅ε¥½γγδΊΊγ¨ηΉ‹γ‹γ‚™γ‚γγ„,3
suho,3
junmyeon,3
clouds,3
μ νΈ,3
νΈλ¦½μ½”,3
λ§μ΄λ¦¬μ–ΌνΈλ¦½,3
μ°λ¦¬λ”μ—¬ν–‰μ¤‘,3
λ―Όλ‹¤νΈλ¦½,3
journey,3
κµΏλ¨λ‹,3
μ‹ νΌ,3
λ‚μΈλΈ”λ­,3
daytrip,3
μ‹ μΆ…μ½”λ΅λ‚,3
μ•λ§λ‹ν‹°,3
μ•λ§λ‹ν‹°λ¦¬μ΅°νΈ,3
νΈν…”μμμ¥,3
λ°°λ‚μ‹,3
dinner,3
μμμ¥νμ…,3
μ•νμΉ΄,3
ν•«ν•λ¶€μ—…,3
μΈκΈ°λ¶€μ—…,3
ν€λ¶€μ—…,3
λ€ν•™μƒμ•λ°”ν¬μ΅,3
μ΅μ•„λ§λ¶€μ—…μ¶”μ²,3
μ›ν‚Ήλ§λ¶€μ—…μ¶”μ²,3
λ€ν•™μƒμ•λ°”μ¶”μ²,3
λ”λ°”λ”,3
λ”λ°”λ”λΌλΉ„,3
λ…μ„,3
μ΄μμ¥μ†μ—μ„,3
νλ€λ€λ¬Έμ§‘,3
λ¥μ†ν™”λ§›μ§‘,3
κ½ƒκµ¬κ²½,3
λ¥μ†ν™”ν¬μ–΄,3
λ‚¨λ¬Έκ²½λ΅λ‹Ή,3
μ „κµ­μ—¬ν–‰,3
μ„ μ…‹,3
μ¶©μ£Ό,3
λΌλ©΄,3
μ†κ³ κΈ°,3
ν•¨λ•ν•΄μμ•μ¥,3
μ μ£Όλ™μ½μ—¬ν–‰,3
μ μ£Όμ—¬ν–‰μ¶”μ²,3
μ μ£Όλ„μ—¬ν–‰μ½”μ¤,3
boracay,3
boracaymix,3
sunsets,3
sunsetbeach,3
beachtime,3
beachday,3
boracaysnap,3
λ³΄λΌμΉ΄μ΄λ―Ήμ¤,3
λ³΄λΌμΉ΄μ΄νΈν•‘,3
λ³΄λΌμΉ΄μ΄μ•΅ν‹°λΉ„ν‹°,3
λ³΄λΌμΉ΄μ΄μ¤μΏ λ²„λ‹¤μ΄λΉ™,3
λ³΄λΌμΉ΄μ΄μ¤λƒ…,3
λ³΄λΌμΉ΄μ΄μ—¬ν–‰,3
λ³΄λΌμΉ΄μ΄μμ μ—¬ν–‰,3
friends,3
exploremore,3
bestoftheday,3
ν”Όν¬λ‹‰,3
λ‹¬,3
μ½§λ°”λ,3
tr90,3
ν”Όκ³¤ν•΄,3
ν•μ λ§,3
κ²½κΈ°λ„,3
ν’κ²½μ¤λƒ…,3
μΈμ¤νƒ€μ—¬ν–‰,3
ν΄λ¬΄,3
π’™,3
ν‚¤μ¦νμ…,3
μμ›”λ„,3
μ—°μ•λ¶€λ‘μ„ μ°©μ¥,3
λ² μ¤νΈμ›¨μ΄,3
μ΄λ€ν•μμμ¥,3
λ¨ΉμΌλ¬κ°€λ”μ—¬ν–‰,3
μ©λ±μ΄λ„¤,3
μ„Έμ ¤μ,3
λ³΄νΈ,3
κ³ λ”©λ§,3
μ¤‘λ”©λ§,3
ν‚¥λ³µμ‹±,3
μ£Όμ§“μ,3
λ³Όλ§,3
μ½”λ°”λ,3
μ‚Όν•μ λ§,3
λ°¤λ°”λ‹¤,3
μ„Έμ ¤κ·€,3
moon,3
μ‚¬λ§‰,3
castle,3
lotteworld,3
slovenia,3
ljubljana,3
ν­ν¬,3
μμΆ…λ„,3
ιε»pic,3
ι“ε›½ε¥½γγδΊΊγ¨ηΉ‹γ‹γ‚™γ‚γγ„,3
ι“ε›½ε¥½γγ¨ηΉ‹γ‹γ‚™γ‚γγ„,3
car,3
μλΉ„λ¶€λ¶€,3
λ€κµ¬μλΉ„λ¶€λ¶€,3
λ€κµ¬κ²°νΌμ¤€λΉ„,3
μμ‹ μλ‘,3
λ°€μ–‘μ—¬ν–‰,3
μ„μ–‘μ§€,3
μ„μ–‘λ»,3
gopro,3
μ¥μ²μΉ΄νν¬μ–΄,3
μ¥μλ§μ„,3
μ¥μμΉ΄ν,3
μ•„κΈ°λ‘κ°λ§ν•κ³³,3
λ…λ°•μ΅μ•„,3
μ•λ©΄λ„μ—¬ν–‰,3
νΌν–‰,3
riding,3
μ†λ…Έν λ¦¬μ²΄,3
μ—°κ½ƒ,3
κµ¬μ°,3
μ•„μ›ƒν•,3
λ’·λ¨μµ,3
λ’·νƒ,3
ν™©κΈκ°λ λ§,3
κ°€ν‰νμ…,3
μ•„λΉ μ™€μ•„λ“¤,3
λ§›μλ‹¤,3
hanriver,3
π“·,3
μ°½μ›,3
κ°€λ³Όλ§ν•κ³³,3
ν—¬λ¦¬λ…Ήμ¤,3
μ¤νƒ λ¦¬,3
wine,3
praha,3
landscapes,3
λ°±ν¨ν‚Ή,3
forest,3
μ²μ•,3
gyeongju,3
hope,3
friendship,3
quotes,3
λ©”λ¨λ¦¬,3
ν¬μ ,3
μ—¬λ¦„ν¨μ…,3
λ¶„μ„κΈ°λ§›μ§‘,3
μΊ ν•‘μ¥,3
ε¥³ε­ζ—…,3
ε›½ε†…ζ—…θ΅,3
κ²½μ£Όκ²μ¤νΈν•μ°μ¤,3
κ²μ¤νΈν•μ°μ¤νν‹°,3
κ²½μ£Όκ²μ¤νΈν•μ°μ¤νν‹°,3
νν‹°κ²μ¤νΈν•μ°μ¤,3
κ²½μ£Όνν‹°κ²μ¤νΈν•μ°μ¤,3
κ²½μ£Όκ²μ¤νΈν•μ°μ¤μ¶”μ²,3
κ²½μ£Όκ°€λ³Όλ§ν•κ³³,3
κ²½μ£Όμ›”λ“,3
κ²½μ£Όκ²μ¤νΈν•μ°μ¤νλΉ„μ•™,3
κ²½μ£ΌνλΉ„μ•™κ²μ¤νΈν•μ°μ¤,3
κ²μ¤νΈν•μ°μ¤νλΉ„μ•™,3
νλΉ„μ•™κ²μ¤νΈν•μ°μ¤,3
κ²μ¤νΈν•μ°μ¤μ¶”μ²,3
κ²½μ£Όμ™λ°•,3
κ²½μ£Όμ™λ°•μ¶”μ²,3
μμ μ—¬ν–‰,3
λ°°λ‚­μ—¬ν–‰,3
λ³΄λ΅¬μ™“,3
ultreia,3
buencamino,3
compostela,3
caminodesantiago,3
peregrino,3
caminoblue,3
camino,3
pilgrim,3
mieresdelcamino,3
jakobsweg,3
cartagenero,3
uncartageneroenelCamino,3
behappyhere,3
κ±°μ λ„μκµ­,3
discoverunder10k,3
κ·€μ”λ―Έμ•„λ“¤,3
λΌμ§€λ μ•„κΈ°,3
ν™©κΈλΌμ§€λ λ§,3
μ΄λ³΄λ§,3
μ„μ¤€λ§,3
ν‘μ •λ¶€μ,3
λ―Έμ†μ²μ‚¬,3
