word,freq
강촌여행,2
가평여행,11
제이드가든,1
수목원,3
서울근교나들이,1
서울근교여행,2
여행,519
여행스타그램,1216
여름여행,10
좋아요,141
여행코스,2
강촌맛집,2
서울근교드라이브,1
카페스타그램,51
카페그램,11
카페투어,42
카페추천,20
카페탐방,21
카페탐방러,10
카페기록,5
인천카페,2
강화도카페,1
강화도여행,3
강화도나들이,1
카페서온,1
cafeseoon,1
비오는날,2
분위기좋은카페,15
cafe,39
❤️,9
VisitDaNang,1
VisitVietnam,1
🇻🇳,1
무보정,1
craterlake,1
oregon,1
portland,1
파주갈만한곳,1
파주여행,2
벽초지수목원,1
파주아이와가볼만한곳,1
포천,4

썬오브글램핑,1
친구,19
글램핑,7
물놀이,14
백운계곡,3
롯데월드,4
제주,78
제주여행,70
맛스타그램,73
축구스타그램,1
탈락,1
결산,1
인스타,29
댓글,29
혼자,24
술스타그램,44
맞팔좋아요,22
팔로우미,26
친스타그램,37
셀스타그램,123
얼스타그램,54
셀피,97
찍스타그램,22
셀카,97
는스타그램,22
일상,324
모델,25
맞팔,184
셀스타스램,22
먹스타그램,120
꽃스타그램,33
데일리,185
엑소,21
Exo,21
exol,21
네뜨,1
nett,1
basel,1
방구석여행,1
바젤,1
육아스타그램,64
육아,39
운동스타그램,22
운동하는여자,15
네일아트,4
헤어,1
힐링여행,21
커플,18
여행에미치다,165
여자친구,3
남자친구,5
명품,1
추천,4
선물,3
선팔,103
팔로우,83
커플신발,2
맛집,55
신발스타그램,1
명품가방,1
여자가방,1
맘스타그램,43
입생로랑,1
생로랑,1
입생로랑여자가방,1
첫줄,44
부산,46
부산여행,21
태종대,1
태종대수국,1
수국,21
부산수국,1
럽,4
럽스타,6
럽스타그램❤️,3
럽스타그램💕,3
럽스타그램💑,3
커플스타그램,10
블로거,3
병서오빠랑❤️,2
lakeerie,1
presqueislestatepark,1
육아일상,7
미국일상,4
미국육아,1
미국맘,1
첫가족여행,2
love한나,1
공시생,2
경시생,2
소시생,2
공스타,2
공부자극,2
공부스타그램,2
공부인증,2
좋테,5
좋반테러,18
좋반,101
맞팔환영,28
선팔맞팔,32
선팔하면맞팔,85
selfie,110
fff,73
likeforlikes,51
like4follow,2
셀기꾼,8
제주도,27
신창풍차해안도로,1
클랭블루,1
제주도리,1
제주,18
제주여행,23
여행,149
여행스타그램,392
일상,129
일상스타그램,47
daily,208
instadaily,56
ınstamood,1
서귀포,2
instaface,1
instalike,16
instagood,48
제주스타그램,6
likeit,1
picoftheday,5
제주도카페,6
제주카페,8
travelgram,74
travel,223
jeju,61
제주도여행,26
카페,26
한경면카페,1
모녀여행,4
모녀스타그램,1
영종도찍고강화도,1
신혼여행,7
이렇게올리라고하시네요,1
굿바이,2
사요나라,1
강제신혼모드,1
공항에서,1
공항패션,2
휴가,54
제주행,1
김해공항,1
나의수정,1
추억,16
피렌체,1
photo,46
travelphotography,74
italy,4
life,17
love,29
explore,5
instagram,39
followforfollowback,37
좋,2
맞팔,72
선팔,50
데일리,75
카페그램,5
남편스냅,1
스냅,7
감성,16
감성사진,30
사진계정맞팔,6
소통,83
시간순삭,2
벌써,2
눈깜짝할사이,1
2000일,1
6년지기,1
여행에미치다_국내,8
여행사진,65
사진,58
사진작가,10
사진스타그램,68
사진소통,10
럽스타그램,92
평생함께하자,1
사랑해💕,3
속초여행,19
속초,17
바다정원,1
그리운보리밥,1
제주도,110
공백카페,4
강릉,22
강릉여행,33
강릉카페,8
스테이인터뷰,1
뷰맛집,12
instamood,14
ootd,143
일상스타그램,104
좋아요반사,114
여행중,34
여행일기,22
여행그램,50
힐링,82
카페,43
커피,20
디저트,10
커피맛집,11
커피스타그램,15
커피타임,9
커피그램,11
온더테이블,9
바리스타,9
먹스타,17
청춘튀겨전북대점,1
내사랑또또,1
굿모닝,2
goodmorning,5
브런치메뉴,1
끼리크림치즈,1
찹쌀도너츠,1
인스타그램,15
까사드피노,1
양평여행,1
용문산,1
중원계곡,1
공기청정,1
힐링여행,2
가족여행,13
커플여행,2
우정여행,6
친구끼리여행,1
기념일,2
생일파티,1
직장인스타그램,4
루크르제,1
루크르제머그컵,1
해피하린일상,1
여름휴가,36
비행기탄다✈️,1
재밌게놀다오자,1
여기는김포공항,1
티웨이,1
제주도여행,86
시작,1
schönbrunn,1
healthylifestyle,1
photographer,17
비엔날레,1
viennablogger,1
vienna_austria,1
shotoniphone,4
아름다운,1
데일리룩,19
오오티디,32
l4l,51
셀,1
피부과,1
schonbrunnpalace,1
패션,6
옷스타그램,7
봄,1
비엔나,2
lightroom,5
europe,12
mondaymotivation,1
artistsoninstagram,2
workfromhome,1
architecture,6
austria,1
일본소도시,1
산인지방,1
마쓰에,1
여름,43
신지코호수,1
풍경,62
석양,4
저녁놀,1
일본여행,8
소통,188
japan,11
sanin,1
matsue,1
summer,26
lake_shinji,1
yomegashima,1
sunset,13
localjapan,1
japantravel,2
instajapan,1
캠핑,18
홍천강,1
노지캠핑,4
캠핑장,6
모곡강,1
권규연_여행,1
👦,1
주말여행,10
주말,25
주말스타그램,13
느낌,1
강,1
육아스타그램,30
생후1446일,1
48개월,1
아들바보,1
개야리유원지,1
조용한게스트하우스,1
정갈한게스트하우스,1
이층주택게스트하우스,1
객리단길,3
영화의거리,1
전주숙소추천,1
주말여행,17
전주게스트하우스고사동,1
제주살이,4
수영,6
미끄럼틀,1
5살,2
아들,16
가족,11
경주,19
호캉스,14
힐튼경주모먼트,1
경주여행은_힐튼경주,1
수영장,4
수영맛집,1
qianjinootd,1
나무,2
자연,15
일상소통,11
산책,7
산책스타그램,3
대전,9
나들이,11
소통해요,31
선팔하면맞팔가요,15
summervacation,2
onesummernight,1
지금여기서행복할것🌿,1
불멍🔥,2
소소하지만확실한행복,1
우행시,1
캠핑스타그램,20
바다스타그램,14
지난피드,1
주말일상그램,1
강촌관광농원,1
계곡,19
가족여행,65
캠핑,40
한우갈비,1
바베큐파티,5
백숙,3
다좋은데,1
벌레는싫어,1
형제스타그램,3
아들스타그램,41
육아맘,14
수국명소,5
수국사진,4
꽃사진,4
여름꽃,3
영도,4
영도명소,3
영도가볼만한곳,3
부산가볼만한곳,5
부산여행지,3
태종사,3
태종대태종사,3
태종사수국,3
영도태종대,3
공감,6
감성,41
사람,3
flower,19
sensitive,3
korealandscape,6
landscape,39
lady,2
busan,10
yeongdo,3
프로휴일러,1
나야나,1
그저께,1
밴쿠버관광,1
게스타운,1
다운타운,1
downtownbaby,1
베트남여자,1
베트남,12
인스타그램,44
쉬는시간,1
경주여행,16
경주카페,1
다과와,1
한옥카페,1
사진맛집,10
travelstagram,16
f4f,64
haeonan,1
미국여행,6
미국,9
서부,2
서부여행,1
미국일상,3
미국주부,1
미국새댁,1
산호세맘,1
캘리맘,1
샌프란시스코,2
캘리여행,1
여행에미치다,70
팔로우,31
westcoast,1
trip,74
sanfrancisco,2
goldengatebridge,2
여행기록,32
그리움,1
기억,1
영국,2
프랑스,5
likeforfollow,36
unitedkingdom,1
memories,7
사진계정,7
사진에미치다,13
traveler,25
캐논,12
사진보정,5
색감보정,4
photography,63
photooftheday,27
풍경사진,30
라이트룸,7
사진가,4
색감미술관,3
canon,14
sony,12
nikon,9
huji,3
세트장,2
영상테마파크,1
합천,7
청와대세트장🏯,2
휴가중,5
성정동우아뷰티,2
메이크업실기수강,1
메이크업국가자격증실기수강,1
속눈썹연장잘하는곳,1
속눈썹펌,1
붙임머리이벤트,1
prada,1
귀여워,2
해외,29
해외여행,54
해외여행추천,37