강릉,22
카페탐방,21
엑소,21
exol,21
힐링여행,21
부산여행,21
수국,21
애월맛집,21
카페추천,20
커피,20
운동,20
제제알,20
공항근처맛집,20
함덕맛집,20
데이트,20
패션,20
유럽여행,20
대구,20
친구,19
속초여행,19
경주,19
계곡,19
flower,19
fashion,19
하늘,19
해운대,19
커플,18
캐논이미지스토밍,18
감성여행,18
떠나요,18
food,18
노을,18
드라이브,18
life,17
속초,17
먹스타,17
주말여행,17
직장인,17
seoul,17
팔로미,17
추억,16
아들,16
경주여행,16
거제도,16
인생샷,16
포항,16
커플여행,16
southkorea,16
분위기좋은카페,15
운동하는여자,15
자연,15
물놀이,14
호캉스,14
육아맘,14
canon,14
거제도여행,14
워킹맘,14
야경,14
행복,14
서면,14
펜션,14
다이어트,14
旅行,14
sunset,13
대한민국구석구석,13
갤럭시s9,13
무주여행,13
holiday,13
등산,13
하와이,13
sea,13
뷰맛집,12
europe,12
베트남,12
캐논,12
sony,12
또가고싶다,12
추억팔이,12
여수여행,12
picture,12
snapshot,12
sky,12
태안,12
도치맘,12
가평여행,11
커피맛집,11
japan,11
가족,11
나들이,11
camping,11
jmt,11
헬스,11
다낭,11
다낭여행,11
세계여행,11
전국카페,11
인스타베이비,11
koreatravel,11
양양,11
강남,11
출사,11
셀스타,11
랜선여행,11
beach,11
여름여행,10
카페탐방러,10
디저트,10
busan,10
필리핀,10
세부,10
스냅,10
코타키나발루,10
임산부,10
취미,10
대만,10
베트남여행,10
호이안,10
호이안여행,10
광안리,10
대만여행🇹🇼,10
해수욕장,10
인천,10
남해여행,10
대학생,10
우도,10
감사합니다,10
월요팅,10
미국,10
고성,10
커피타임,9
온더테이블,9
바리스타,9
대전,9
nikon,9
필리핀여행,9
막탄,9
보홀,9
양양여행,9
점심,9
말레이시아,9
말레이시아여행,9
코타키나발루여행,9
가족여행👪,9
출근,9
인친환영,9
베이비,9
baby,9
coffee,9
핫플,9
기록,9
대만여행,9
휴가룩,9
사랑해,9
빠지,9
성산일출봉,9
写真好きな人と繋がりたい,9
남해,9
view,9
좋,9
항공과,9
전신샷,9
우도맛집,9
액티비티,9
소확행,9
부부,9
foodie,9
신혼부부,9
旅行好きな人と繋がりたい,9
여수,9
데이트코스,9
wanderlust,9
협재해수욕장,9
셀기꾼,8
강릉카페,8
일본여행,8
갬성,8
소니이미지갤러리,8
쥐띠맘,8
청양띠맘,8
부산맛집,8
canonimagestorming,8
구름,8
헬요일,8
춘천여행,8
scenery,8
트레킹,8
trekking,8
유디니,8
drawing,8
tour,8
snap,8
여유,8
우도올레보트,8
우도보트,8
첫손님,8
푸른밤,8
올레보트,8
제주스쿠버다이빙,8
우도여행코스,8
우도다이브,8
제주스쿠버,8
다이빙,8
고양이선장,8
우도가볼만한곳,8
친추해요,8
딸맘,8
포토그래퍼,8
하와이여행,8
코로나,8
대부도,8
asia,8
주말나들이,8
밤,8
코로나19,8
글램핑,7
신혼여행,7
산책,7
memories,7
라이트룸,7
합천,7
사이판,7
경주맛집,7
동해,7
동해바다,7
까페,7
고양이,7
전주,7
babylook,7
피드,7
좋튀,7
예쁜카페,7
주말캠핑,7
형제,7
바다뷰,7
포항여행,7
능소화,7
스냅촬영,7
style,7
우정여행,7
귀요미,7
vacation,7
운동하는남자,7
첫줄안녕,7
paintingwithlight,7
europetravels,7
northerneurope,7
saintpetersburg,7
nike,7
거제여행,7
꽃,7
색감,7
카페여행,7
아기랑여행,7
제주도카페,7
광주,7
안면도,7
꿀잼,7
world,7
광치기해변,7
한국,7
딸바보,7
자동차,7
애중이in제주,7
혼자여행,7
분위기,7
사랑,7
럽스타,6
architecture,6
수영,6
공감,6
korealandscape,6
인피니티풀,6
가족모임,6
설악산,6
해변,6
숙소,6
거제도까페,6
backpacking,6
camper,6
puppy,6
힐링타임,6
오션뷰,6
오토캠핑,6
구미,6
everydayisholiday,6
yelimgoeverywhere,6
yelimenjoyeating,6
방콕,6
존맛탱,6
닭띠맘,6
애엄마,6
mylittleboy,6
캐논베스트샷,6
오늘,6
개금불어뮤니티,6
두아들,6
네가족,6
풀빌라,6
젊줌마,6
먹팔,6
팔로잉,6
핫플레이스,6
춘천,6
오늘의훈녀,6
dessert,6
커플스냅,6
jejudo,6
맛집투어,6
hiking,6
vsco,6
写真好きな人と繋がりたい,6
서핑,6
아기,6
파리,6
서귀포,6
제주도맛집,6
아이폰,6
night,6
켄싱턴호텔,6
주문진,6
음식,6
healing,6
태안여행,6
당일치기,6
날씨,6
일본,6
제주도가볼만한곳,6
island,6
igers,6
beautiful,6
아이와가볼만한곳,6
korean,6
旅行好き,6
먹부림,6
snowpeak,6
엄마와딸,6
바베큐,6
경남여행,6
월요병,6
연애,6
서울여행,6
카페기록,5
남자친구,5
좋테,5
picoftheday,5
explore,5
goodmorning,5
lightroom,5
바베큐파티,5
수국명소,5
부산가볼만한곳,5
프랑스,5
휴가중,5
양양서핑,5
꽃바구니,5
꽃다발,5
울릉도,5
술,5
맥주,5
속초카페,5
backpacker,5
둔산동,5
휴식,5
어디까지가봣니,5
독채펜션,5
딸,5
무주,5
세가족여행,5
수영복,5
통영여행,5
주말데이트,5
강원도카페,5
맛집추천,5
비자림,5
ig_korea,5
맛집탐방,5
운동선수,5
훈훈이들,5
호텔,5
리조트,5
good,5
소니,5
키즈풀빌라,5
아이와여행,5
verano,5
props,5
california,5
추억여행,5
종강,5
nightview,5
직딩,5
안목해변,5
기념일,5
경남,5
국내여행추천,5
좋다,5
여수핫플,5
💛,5
계곡물놀이,5
네살,5
삼척여행,5
불멍,5
맛점,5
family,5
여미,5
여기서행복할것,5
속초맛집,5
한국여행,5
film,5
장호항,5
삼척,5
lunch,5
울산,5
바캉스,5
日常,5
보라카이,5
피곤,5
고성여행,5
즐거운라운딩⛳️⛳️🏌🏻‍,5
helinox,5
paris,5
海外旅行,5
계곡캠핑,5
여수카페,5
거제,5
mountain,5
koreatrip,5
부산맘,5
연예인,5
반려견,5
쇼핑,5
포천,4
롯데월드,4
네일아트,4
추천,4
럽,4
모녀여행,4
italy,4
공백카페,4
shotoniphone,4
석양,4
수영장,4
영도,4
색감보정,4
양양꽃집,4
양양꽃배달,4
송죽화원,4
속초꽃집,4
강릉꽃집,4
양양쏠비치,4
용돈박스,4
플라워박스,4
yangyang,4
서이추,4
숙소뷰,4
외도널서리,4
인테리어,4
광안리맛집,4
dog,4
일반인모델,4
영흥도,4
경주핫플,4
장마,4
육아동지,4
비키니,4
모노키니,4
💚,4
산,4
제주카페,4
훈훈한형제샷,4
a7m3,4
beauty,4
양평,4
파주카페,4
브런치카페,4
폭염,4
ㅋㅋㅋ,4
무료,4
춘천맛집,4
portrait,4
매일매일,4
환영,4
대한민국,4
동성로,4
韓国旅行,4
me,4
foodporn,4
제주도펜션,4
강아지,4
fashionstyle,4
인싸,4
유럽,4
lifestyle,4
시밀러룩,4
한강,4
대구여행,4
펜션추천,4
성공,4
제주도숙소,4
훈녀,4
숲,4
거제펜션,4
스파펜션,4
pomeranian,4
강릉바다,4
아기와여행,4
스노쿨링,4
iphone,4
여수맛집,4
여름코디,4
자전거,4
제부도,4
goals,4
커플룩,4
축구,4
mood,4
비행기,4
해피초원목장,4
강원도펜션,4
너무,4
x100v,4
원피스,4
스냅샷,4
경치,4
당진,4
화성,4
diet,4
캠핑여행,4
koreanfood,4
제주핫플,4
청평,4
백담계곡,4
솔캠,4
휴가추천,4
cat,4
게스트하우스,4
기장,4
서해바다,4
couple,4
진주,4
캠퍼,4
패셔니스타,4
육두막,4
몽산포,4
colors,4
outfit,4
낚시,4
宇宙好き,4
旅女,4
旅したくなるフォト,4
世界の絶景,4
旅の記録,4
旅写真,4
写真で伝えたい私の世界,4
世界旅行,4
旅,4
일출,4
아름다움,4
니콘,4
너무좋아,4
주말육아,4
취미생활,4
초딩맘,4
진시니,4
한남동,4
부산핫플,4
제곱,4
모자,4
태국,4
패러글라이딩,4
daliy,4
bonpoint,4
colman,4
韓国ファッション,4
유학생,4
bmw,4
밀양,4
애견동반여행,4
반려견동반여행,4
물회,4
아이스아메리카노,4
뷰티,4
노을맛집,4
모래놀이,4
남매맘,4
카라반,4
제주바다,4
관광,4
감성캠핑,4
throwback,4
프라하,4
글귀,4
마스크,4
화장품,4
저녁,4
저구항,4
경상도여행,4
shopping,4
weekend,4
대천,4
파도,4
employee,4
withwife,4
cats,4
일요일,4
코디,4
stayhome,4
카라반캠핑,4
수목원,3
강화도여행,3
백운계곡,3
여자친구,3
선물,3
블로거,3
사랑해💕,3
객리단길,3
백숙,3
여름꽃,3
영도명소,3
영도가볼만한곳,3
부산여행지,3
태종사,3
태종대태종사,3
태종사수국,3
영도태종대,3
사람,3
sensitive,3
yeongdo,3
색감미술관,3
huji,3
사이판여행,3
점심메뉴,3
familytrip,3
울릉도여행,3
독도,3
골프,3
속초바다,3
양양맛집,3
서피비치,3
글,3
감동,3
가족나들이,3
해운대맛집,3
shubie,3
shura,3
shetlandsheepdog,3
sheltie,3
하이바다,3
초보캠퍼,3
대게,3
nailart,3
경포해변,3
무주리조트,3
다이어리,3
바디체크,3
바디프로필,3
수영복맛집,3
모노키니대통령,3
비키니대통령,3
수영복대통령,3
용머리해안,3
평창,3
수진민규_포항,3
부산여행중,3
정란각,3
슬기로운캐논생활,3
가로수길,3
이태원,3
헬린이,3
아들둘맘,3
beautifuldestinations,3
날씨가다했다,3
포항맛집,3
대흥동,3
girl,3
바닷가패션,3
얼짱,3
춘천카페,3
펜션여행,3
la,3
losangeles,3
완주,3
전북여행,3
spain,3
공원,3
디엠,3
sonya7ii,3
안동여행,3
제주펜션,3
hawaii,3
양양카페,3
street,3
수상레저,3
방학,3
파리여행,3
thailand,3
quarantine,3
바닷가,3
서우봉,3
남해펜션,3
독일마을,3
강릉맛집,3
친구들,3
제주살이,3
제주가족여행,3
협찬,3
거제도펜션,3
스파,3
구천동,3
김해,3
스타벅스,3
starbucks,3
유도,3
judo,3
몸짱,3
운동하는직장인,3
감성숙소,3
포토존,3
덕유산국립공원,3
미러리스,3
matchingoutfits,3
motheranddaughter,3
여수밤바다,3
맛스타,3
존맛,3
날씨좋다,3
아주미,3
라이딩,3
자덕,3
자린이,3
자전거여행,3
추억소환,3
안녕,3
제주도바다,3
illustration,3
단양여행,3
happy,3
한우물회,3
가평리조트,3
첫째딸,3
강원도맛집,3
강원도삼척,3
공기좋고,3
후지필름,3
후지,3
초간정,3
비빔국수,3
🌿,3
데이트스냅,3
군산,3
tokyocameraclub,3
다렉,3
블랙카우게스트하우스,3
공유,3
대부도여행,3
日本,3
旅行好きな人と繋がりたい,3
suho,3
junmyeon,3
clouds,3
유트,3
트립코,3
마이리얼트립,3
우리는여행중,3
민다트립,3
journey,3
굿모닝,3
신혼,3
나인블럭,3
daytrip,3
신종코로나,3
알마니티,3
알마니티리조트,3
호텔수영장,3
배낚시,3
dinner,3
수영장펜션,3
알파카,3
핫한부업,3
인기부업,3
팀부업,3
대학생알바투잡,3
육아맘부업추천,3
워킹맘부업추천,3
대학생알바추천,3
더바더,3
더바더라비,3
독서,3
이쁜장소에서,3
파란대문집,3
능소화맛집,3
꽃구경,3
능소화투어,3
남문경로당,3
전국여행,3
선셋,3
충주,3
라면,3
소고기,3
함덕해수욕장,3
제주동쪽여행,3
제주여행추천,3
제주도여행코스,3
boracay,3
boracaymix,3
sunsets,3
sunsetbeach,3
beachtime,3
beachday,3
boracaysnap,3
보라카이믹스,3
보라카이호핑,3
보라카이액티비티,3
보라카이스쿠버다이빙,3
보라카이스냅,3
보라카이여행,3
보라카이자유여행,3
friends,3
exploremore,3
bestoftheday,3
피크닉,3
달,3
콧바람,3
tr90,3
피곤해,3
형제맘,3
경기도,3
풍경스냅,3
인스타여행,3
휴무,3
💙,3
키즈펜션,3
자월도,3
연안부두선착장,3
베스트웨이,3
초대형수영장,3
먹으러가는여행,3
쌩뚱이네,3
세젤예,3
보트,3
고딩맘,3
중딩맘,3
킥복싱,3
주짓수,3
볼링,3
코바늘,3
삼형제맘,3
밤바다,3
세젤귀,3
moon,3
사막,3
castle,3
lotteworld,3
slovenia,3
ljubljana,3
폭포,3
영종도,3
過去pic,3
韓国好きな人と繋がりたい,3
韓国好きと繋がりたい,3
car,3
예비부부,3
대구예비부부,3
대구결혼준비,3
예신예랑,3
밀양여행,3
위양지,3
위양못,3
gopro,3
옥천카페투어,3
장자마을,3
장자카페,3
아기랑갈만한곳,3
독박육아,3
안면도여행,3
혼행,3
riding,3
소노펠리체,3
연꽃,3
구찌,3
아웃핏,3
뒷모습,3
뒷태,3
황금개띠맘,3
가평펜션,3
아빠와아들,3
맛있다,3
hanriver,3
📷,3
창원,3
가볼만한곳,3
헬리녹스,3
스탠리,3
wine,3
praha,3
landscapes,3
백패킹,3
forest,3
천안,3
gyeongju,3
hope,3
friendship,3
quotes,3
메모리,3
포유,3
여름패션,3
분위기맛집,3
캠핑장,3
女子旅,3
国内旅行,3
경주게스트하우스,3
게스트하우스파티,3
경주게스트하우스파티,3
파티게스트하우스,3
경주파티게스트하우스,3
경주게스트하우스추천,3
경주가볼만한곳,3
경주월드,3
경주게스트하우스파비앙,3
경주파비앙게스트하우스,3
게스트하우스파비앙,3
파비앙게스트하우스,3
게스트하우스추천,3
경주숙박,3
경주숙박추천,3
자유여행,3
배낭여행,3
보롬왓,3
ultreia,3
buencamino,3
compostela,3
caminodesantiago,3
peregrino,3
caminoblue,3
camino,3
pilgrim,3
mieresdelcamino,3
jakobsweg,3
cartagenero,3
uncartageneroenelCamino,3
behappyhere,3
거제도수국,3
discoverunder10k,3
귀요미아들,3
돼지띠아기,3
황금돼지띠맘,3
초보맘,3
서준맘,3
표정부자,3
미소천사,3
